schema_id,test_id,expected_validity,actual_result,accepted,result_available,constraint_case,compile_grammar_s,validation_loop_s,compute_mask_s,commit_token_s,num_tokens,tokens_checked
Github_ultra---o12343.json,Github_ultra---o12343.json::test_00000,valid,passed,True,True,correct_accept,26.5627,0.049315,0.045844,0.000867,1424,1424
Github_ultra---o12343.json,Github_ultra---o12343.json::test_00001,valid,passed,True,True,correct_accept,26.5627,0.028855,0.026741,0.000544,925,925
Github_ultra---o12343.json,Github_ultra---o12343.json::test_00002,invalid,failed,True,True,under_constraint,26.5627,0.025733,0.023787,0.000503,825,825
Github_ultra---o12343.json,Github_ultra---o12343.json::test_00003,invalid,passed,False,True,correct_reject,26.5627,0.001036,0.000923,4.6e-05,891,37
Github_ultra---o12344.json,Github_ultra---o12344.json::test_00000,valid,failed,False,True,over_constraint,22.1068,0.243662,0.235488,0.002323,2832,2806
Github_ultra---o12344.json,Github_ultra---o12344.json::test_00001,valid,failed,False,True,over_constraint,22.1068,0.148717,0.143824,0.001529,3037,1595
Github_ultra---o12344.json,Github_ultra---o12344.json::test_00002,invalid,passed,False,True,correct_reject,22.1068,6.2e-05,4.3e-05,9e-06,3021,2
Github_ultra---o12344.json,Github_ultra---o12344.json::test_00003,invalid,passed,False,True,correct_reject,22.1068,5.1e-05,3.7e-05,7e-06,3008,2
Github_ultra---o12344.json,Github_ultra---o12344.json::test_00004,invalid,passed,False,True,correct_reject,22.1068,5.9e-05,4.2e-05,8e-06,2675,2
Github_ultra---o12344.json,Github_ultra---o12344.json::test_00005,invalid,passed,False,True,correct_reject,22.1068,5.6e-05,4e-05,7e-06,542,2
Github_ultra---o12652.json,Github_ultra---o12652.json::test_00000,valid,failed,False,True,over_constraint,21.5379,1.17642,1.16318,0.007512,2819,2793
Github_ultra---o12652.json,Github_ultra---o12652.json::test_00001,invalid,passed,False,True,correct_reject,21.5379,5.3e-05,3.7e-05,6e-06,2820,2
Github_ultra---o12652.json,Github_ultra---o12652.json::test_00002,invalid,passed,False,True,correct_reject,21.5379,5e-05,3.7e-05,6e-06,2448,2
Github_ultra---o13020.json,Github_ultra---o13020.json::test_00000,valid,passed,True,True,correct_accept,38.7107,0.078097,0.073465,0.002666,1041,1041
Github_ultra---o13020.json,Github_ultra---o13020.json::test_00001,invalid,passed,False,True,correct_reject,38.7107,0.02969,0.026882,0.001875,1048,505
Github_ultra---o13020.json,Github_ultra---o13020.json::test_00002,invalid,passed,False,True,correct_reject,38.7107,0.029307,0.026581,0.0018,1049,507
Github_ultra---o13020.json,Github_ultra---o13020.json::test_00003,invalid,passed,False,True,correct_reject,38.7107,0.071676,0.06749,0.00229,1391,1040
Github_ultra---o13020.json,Github_ultra---o13020.json::test_00004,invalid,failed,True,True,under_constraint,38.7107,0.090996,0.084654,0.003812,1392,1392
Github_ultra---o13020.json,Github_ultra---o13020.json::test_00005,invalid,passed,False,True,correct_reject,38.7107,0.046372,0.043451,0.001852,982,591
Github_ultra---o13020.json,Github_ultra---o13020.json::test_00006,invalid,failed,True,True,under_constraint,38.7107,0.096881,0.090243,0.003848,1544,1544
Github_ultra---o15627.json,Github_ultra---o15627.json::test_00000,valid,failed,False,True,over_constraint,54.7914,0.033051,0.030889,0.000568,2989,819
Github_ultra---o15627.json,Github_ultra---o15627.json::test_00001,valid,failed,False,True,over_constraint,54.7914,0.025978,0.024068,0.000447,2890,766
Github_ultra---o15627.json,Github_ultra---o15627.json::test_00002,invalid,passed,False,True,correct_reject,54.7914,0.015846,0.015181,0.000194,2882,240
Github_ultra---o16062.json,Github_ultra---o16062.json::test_00000,valid,passed,True,True,correct_accept,65.7781,0.287639,0.282226,0.001107,2345,2345
Github_ultra---o16062.json,Github_ultra---o16062.json::test_00001,valid,passed,True,True,correct_accept,65.7781,0.272252,0.267321,0.000878,2329,2329
Github_ultra---o16062.json,Github_ultra---o16062.json::test_00002,invalid,passed,False,True,correct_reject,65.7781,0.026648,0.025567,0.000138,2327,533
Github_ultra---o16062.json,Github_ultra---o16062.json::test_00003,invalid,passed,False,True,correct_reject,65.7781,0.000875,0.000584,9.9e-05,2321,68
Github_ultra---o17072.json,Github_ultra---o17072.json::test_00000,valid,passed,True,True,correct_accept,17.9165,0.196884,0.190271,0.006172,161,161
Github_ultra---o17072.json,Github_ultra---o17072.json::test_00001,valid,passed,True,True,correct_accept,17.9165,0.252865,0.245571,0.0068,194,194
Github_ultra---o17072.json,Github_ultra---o17072.json::test_00002,invalid,failed,True,True,under_constraint,17.9165,0.212235,0.206031,0.005699,196,196
Github_ultra---o17072.json,Github_ultra---o17072.json::test_00003,invalid,failed,True,True,under_constraint,17.9165,0.217815,0.211498,0.005681,249,249
Github_ultra---o17072.json,Github_ultra---o17072.json::test_00004,invalid,failed,True,True,under_constraint,17.9165,0.249315,0.241981,0.00682,198,198
Github_ultra---o17072.json,Github_ultra---o17072.json::test_00005,invalid,failed,True,True,under_constraint,17.9165,0.211866,0.205781,0.005571,203,203
Github_ultra---o17072.json,Github_ultra---o17072.json::test_00006,invalid,failed,True,True,under_constraint,17.9165,0.214933,0.208814,0.005625,202,202
Github_ultra---o17072.json,Github_ultra---o17072.json::test_00007,invalid,failed,True,True,under_constraint,17.9165,0.009421,0.008971,0.000272,98,98
Github_ultra---o17072.json,Github_ultra---o17072.json::test_00008,invalid,failed,True,True,under_constraint,17.9165,0.012246,0.011709,0.000305,124,124
Github_ultra---o17462.json,Github_ultra---o17462.json::test_00000,valid,passed,True,True,correct_accept,49.954,0.027581,0.023217,0.002248,1161,1161
Github_ultra---o17462.json,Github_ultra---o17462.json::test_00001,valid,passed,True,True,correct_accept,49.954,0.026638,0.022574,0.002068,1151,1151
Github_ultra---o17462.json,Github_ultra---o17462.json::test_00002,invalid,failed,True,True,under_constraint,49.954,0.026128,0.02206,0.002035,1148,1148
Github_ultra---o17462.json,Github_ultra---o17462.json::test_00003,invalid,failed,True,True,under_constraint,49.954,0.025547,0.021576,0.001983,1151,1151
Github_ultra---o17462.json,Github_ultra---o17462.json::test_00004,invalid,failed,True,True,under_constraint,49.954,0.025013,0.021109,0.001902,1151,1151
Github_ultra---o18637.json,Github_ultra---o18637.json::test_00000,valid,failed,False,True,over_constraint,73.7371,8.5e-05,6e-05,9e-06,745,2
Github_ultra---o18637.json,Github_ultra---o18637.json::test_00001,valid,passed,True,True,correct_accept,73.7371,0.021008,0.018719,0.000669,854,854
Github_ultra---o19343.json,Github_ultra---o19343.json::test_00000,valid,passed,True,True,correct_accept,66.8735,0.003076,0.002728,0.000137,113,113
Github_ultra---o19343.json,Github_ultra---o19343.json::test_00001,valid,passed,True,True,correct_accept,66.8735,0.006688,0.006204,0.000199,159,159
Github_ultra---o19343.json,Github_ultra---o19343.json::test_00002,invalid,failed,True,True,under_constraint,66.8735,0.006984,0.006393,0.000235,196,196
Github_ultra---o19343.json,Github_ultra---o19343.json::test_00003,invalid,passed,False,True,correct_reject,66.8735,0.003886,0.003394,0.000213,161,129
Github_ultra---o19343.json,Github_ultra---o19343.json::test_00004,invalid,passed,False,True,correct_reject,66.8735,7.1e-05,4.8e-05,8e-06,160,5
Github_ultra---o21135.json,Github_ultra---o21135.json::test_00000,valid,failed,False,True,over_constraint,83.7517,6.65182,6.64954,0.000895,1614,499
Github_ultra---o21135.json,Github_ultra---o21135.json::test_00001,valid,failed,False,True,over_constraint,83.7517,6.947,6.94465,0.000952,1626,492
Github_ultra---o21135.json,Github_ultra---o21135.json::test_00002,invalid,passed,False,True,correct_reject,83.7517,2.04404,2.04362,0.000224,1666,40
Github_ultra---o21135.json,Github_ultra---o21135.json::test_00003,invalid,passed,False,True,correct_reject,83.7517,6.65427,6.65214,0.000854,1594,481
Github_ultra---o21135.json,Github_ultra---o21135.json::test_00004,invalid,passed,False,True,correct_reject,83.7517,2.17585,2.17388,0.000441,1411,762
Github_ultra---o21135.json,Github_ultra---o21135.json::test_00005,invalid,passed,False,True,correct_reject,83.7517,6.96174,6.95948,0.000915,1639,492
Github_ultra---o21135.json,Github_ultra---o21135.json::test_00006,invalid,passed,False,True,correct_reject,83.7517,4.73846,4.73723,0.000585,1733,199
Github_ultra---o21136.json,Github_ultra---o21136.json::test_00000,valid,failed,False,True,over_constraint,83.3229,7.28363,7.28134,0.000922,1583,491
Github_ultra---o21136.json,Github_ultra---o21136.json::test_00001,valid,failed,False,True,over_constraint,83.3229,6.87267,6.87052,0.000844,1613,492
Github_ultra---o21136.json,Github_ultra---o21136.json::test_00002,invalid,passed,False,True,correct_reject,83.3229,7.55523,7.55289,0.000932,1625,500
Github_ultra---o21136.json,Github_ultra---o21136.json::test_00003,invalid,failed,True,True,under_constraint,83.3229,2.13596,2.13555,0.000229,38,38
Github_ultra---o21136.json,Github_ultra---o21136.json::test_00004,invalid,passed,False,True,correct_reject,83.3229,4.65408,4.65277,0.000591,2096,225
Github_ultra---o21136.json,Github_ultra---o21136.json::test_00005,invalid,passed,False,True,correct_reject,83.3229,6.85439,6.85215,0.000891,1613,492
Github_ultra---o21136.json,Github_ultra---o21136.json::test_00006,invalid,passed,False,True,correct_reject,83.3229,4.70362,4.70218,0.000694,2041,251
Github_ultra---o21137.json,Github_ultra---o21137.json::test_00000,valid,failed,False,True,over_constraint,72.7265,22.7681,22.7524,0.001773,1379,338
Github_ultra---o21137.json,Github_ultra---o21137.json::test_00001,invalid,passed,False,True,correct_reject,72.7265,22.6042,22.5884,0.001579,1335,331
Github_ultra---o21137.json,Github_ultra---o21137.json::test_00002,invalid,timeout,,False,no_decision,72.7265,374.988,374.897,0.012279,1976,124
Github_ultra---o21137.json,Github_ultra---o21137.json::test_00003,invalid,timeout,,False,no_decision,72.7265,,,,,
Github_ultra---o21137.json,Github_ultra---o21137.json::test_00004,invalid,timeout,,False,no_decision,72.7265,,,,,
Github_ultra---o21308.json,Github_ultra---o21308.json::test_00000,valid,passed,True,True,correct_accept,54.002,1.50498,1.49989,0.001644,1783,1783
Github_ultra---o21308.json,Github_ultra---o21308.json::test_00001,invalid,passed,False,True,correct_reject,54.002,0.000224,0.000176,1.6e-05,1778,13
Github_ultra---o21308.json,Github_ultra---o21308.json::test_00002,invalid,passed,False,True,correct_reject,54.002,0.545743,0.542954,0.000897,1398,930
Github_ultra---o21308.json,Github_ultra---o21308.json::test_00003,invalid,passed,False,True,correct_reject,54.002,8.4e-05,5.9e-05,1e-05,975,6
Github_ultra---o21840.json,Github_ultra---o21840.json::test_00000,valid,failed,False,True,over_constraint,29.3279,0.001694,0.00161,3.4e-05,280,19
Github_ultra---o21840.json,Github_ultra---o21840.json::test_00001,valid,failed,False,True,over_constraint,29.3279,0.00215,0.002072,3.2e-05,380,19
Github_ultra---o21840.json,Github_ultra---o21840.json::test_00002,invalid,passed,False,True,correct_reject,29.3279,0.002133,0.00206,3e-05,370,19
Github_ultra---o21840.json,Github_ultra---o21840.json::test_00003,invalid,passed,False,True,correct_reject,29.3279,0.002326,0.002232,4.4e-05,406,19
Github_ultra---o21840.json,Github_ultra---o21840.json::test_00004,invalid,passed,False,True,correct_reject,29.3279,0.002599,0.002499,4.6e-05,380,19
Github_ultra---o21840.json,Github_ultra---o21840.json::test_00005,invalid,passed,False,True,correct_reject,29.3279,0.002654,0.002551,4.7e-05,376,19
Github_ultra---o21840.json,Github_ultra---o21840.json::test_00006,invalid,passed,False,True,correct_reject,29.3279,0.002492,0.002394,4.4e-05,385,19
Github_ultra---o2312.json,Github_ultra---o2312.json::test_00000,valid,passed,True,True,correct_accept,0.685947,0.009487,0.009077,0.000224,93,93
Github_ultra---o2312.json,Github_ultra---o2312.json::test_00001,invalid,failed,True,True,under_constraint,0.685947,0.009136,0.008742,0.000214,95,95
Github_ultra---o2312.json,Github_ultra---o2312.json::test_00002,invalid,failed,True,True,under_constraint,0.685947,0.008654,0.008287,0.000201,93,93
Github_ultra---o2312.json,Github_ultra---o2312.json::test_00003,invalid,failed,True,True,under_constraint,0.685947,0.009532,0.009123,0.000223,101,101
Github_ultra---o2312.json,Github_ultra---o2312.json::test_00004,invalid,failed,True,True,under_constraint,0.685947,0.00781,0.007461,0.000188,89,89
Github_ultra---o2312.json,Github_ultra---o2312.json::test_00005,invalid,failed,True,True,under_constraint,0.685947,0.009261,0.00884,0.000233,105,105
Github_ultra---o25423.json,Github_ultra---o25423.json::test_00000,valid,passed,True,True,correct_accept,84.6315,0.048768,0.04755,0.000402,376,376
Github_ultra---o25423.json,Github_ultra---o25423.json::test_00001,invalid,passed,False,True,correct_reject,84.6315,0.01117,0.010886,6.2e-05,373,114
Github_ultra---o25423.json,Github_ultra---o25423.json::test_00002,invalid,passed,False,True,correct_reject,84.6315,0.00321,0.002999,4.9e-05,333,82
Github_ultra---o25423.json,Github_ultra---o25423.json::test_00003,invalid,failed,True,True,under_constraint,84.6315,0.046652,0.04564,0.000291,369,369
Github_ultra---o25423.json,Github_ultra---o25423.json::test_00004,invalid,passed,False,True,correct_reject,84.6315,0.003146,0.002924,5e-05,376,82
Github_ultra---o25423.json,Github_ultra---o25423.json::test_00005,invalid,passed,False,True,correct_reject,84.6315,0.003294,0.003081,5.2e-05,102,82
Github_ultra---o25423.json,Github_ultra---o25423.json::test_00006,invalid,passed,False,True,correct_reject,84.6315,0.00333,0.003089,5.7e-05,113,82
Github_ultra---o25423.json,Github_ultra---o25423.json::test_00007,invalid,passed,False,True,correct_reject,84.6315,0.003511,0.003283,6.2e-05,374,82
Github_ultra---o25423.json,Github_ultra---o25423.json::test_00008,invalid,passed,False,True,correct_reject,84.6315,0.002813,0.002659,3.7e-05,363,57
Github_ultra---o26314.json,Github_ultra---o26314.json::test_00000,valid,passed,True,True,correct_accept,0.833928,0.027799,0.025665,0.000606,833,833
Github_ultra---o26314.json,Github_ultra---o26314.json::test_00001,valid,passed,True,True,correct_accept,0.833928,0.025791,0.023729,0.000517,850,850
Github_ultra---o33032.json,Github_ultra---o33032.json::test_00000,valid,failed,False,True,over_constraint,3.4008,0.002704,0.002214,9.3e-05,292,206
Github_ultra---o33032.json,Github_ultra---o33032.json::test_00001,invalid,passed,False,True,correct_reject,3.4008,0.002657,0.002171,8.8e-05,292,206
Github_ultra---o33032.json,Github_ultra---o33032.json::test_00002,invalid,passed,False,True,correct_reject,3.4008,0.000711,0.000602,2.8e-05,300,41
Github_ultra---o33032.json,Github_ultra---o33032.json::test_00003,invalid,passed,False,True,correct_reject,3.4008,0.001101,0.000949,5.3e-05,291,39
Github_ultra---o34345.json,Github_ultra---o34345.json::test_00000,valid,failed,False,True,over_constraint,39.6586,0.033276,0.032704,0.000121,1360,229
Github_ultra---o34345.json,Github_ultra---o34345.json::test_00001,valid,failed,False,True,over_constraint,39.6586,0.031389,0.030833,0.000116,1359,228
Github_ultra---o34345.json,Github_ultra---o34345.json::test_00002,invalid,passed,False,True,correct_reject,39.6586,0.031348,0.030756,0.000135,1336,228
Github_ultra---o34345.json,Github_ultra---o34345.json::test_00003,invalid,passed,False,True,correct_reject,39.6586,0.000423,0.000286,2.1e-05,325,64
Github_ultra---o34345.json,Github_ultra---o34345.json::test_00004,invalid,passed,False,True,correct_reject,39.6586,0.000512,0.000303,6.5e-05,1032,64
Github_ultra---o358.json,Github_ultra---o358.json::test_00000,valid,passed,True,True,correct_accept,1.07745,0.004788,0.004525,9.8e-05,86,86
Github_ultra---o358.json,Github_ultra---o358.json::test_00001,valid,passed,True,True,correct_accept,1.07745,0.004618,0.004363,0.0001,84,84
Github_ultra---o358.json,Github_ultra---o358.json::test_00002,invalid,failed,True,True,under_constraint,1.07745,0.004881,0.004604,0.000109,93,93
Github_ultra---o358.json,Github_ultra---o358.json::test_00003,invalid,failed,True,True,under_constraint,1.07745,0.004987,0.0047,0.000111,92,92
Github_ultra---o358.json,Github_ultra---o358.json::test_00004,invalid,failed,True,True,under_constraint,1.07745,0.00139,0.001255,5.5e-05,42,42
Github_ultra---o359.json,Github_ultra---o359.json::test_00000,valid,passed,True,True,correct_accept,2.9791,0.015148,0.014045,0.00034,383,383
Github_ultra---o359.json,Github_ultra---o359.json::test_00001,invalid,passed,False,True,correct_reject,2.9791,0.010632,0.009889,0.000239,320,279
Github_ultra---o359.json,Github_ultra---o359.json::test_00002,invalid,failed,True,True,under_constraint,2.9791,0.013298,0.012343,0.000241,383,383
Github_ultra---o359.json,Github_ultra---o359.json::test_00003,invalid,passed,False,True,correct_reject,2.9791,0.01334,0.012343,0.000259,399,391
Github_ultra---o359.json,Github_ultra---o359.json::test_00004,invalid,failed,True,True,under_constraint,2.9791,0.007198,0.006686,0.000148,195,195
Github_ultra---o360.json,Github_ultra---o360.json::test_00000,valid,passed,True,True,correct_accept,1.07071,0.00839,0.007859,0.000176,167,167
Github_ultra---o360.json,Github_ultra---o360.json::test_00001,valid,passed,True,True,correct_accept,1.07071,0.018747,0.017563,0.000377,408,408
Github_ultra---o360.json,Github_ultra---o360.json::test_00002,invalid,failed,True,True,under_constraint,1.07071,0.016702,0.015606,0.000297,424,424
Github_ultra---o360.json,Github_ultra---o360.json::test_00003,invalid,failed,True,True,under_constraint,1.07071,0.051528,0.047986,0.000365,1599,1599
Github_ultra---o360.json,Github_ultra---o360.json::test_00004,invalid,failed,True,True,under_constraint,1.07071,0.015063,0.014074,0.00027,412,412
Github_ultra---o38670.json,Github_ultra---o38670.json::test_00000,valid,passed,True,True,correct_accept,69.8877,0.003141,0.002801,0.000137,113,113
Github_ultra---o38670.json,Github_ultra---o38670.json::test_00001,invalid,passed,False,True,correct_reject,69.8877,0.003202,0.002847,0.00014,126,121
Github_ultra---o38670.json,Github_ultra---o38670.json::test_00002,invalid,passed,False,True,correct_reject,69.8877,0.001448,0.001217,9.1e-05,122,59
Github_ultra---o38670.json,Github_ultra---o38670.json::test_00003,invalid,passed,False,True,correct_reject,69.8877,9.4e-05,6.8e-05,1e-05,114,5
Github_ultra---o39230.json,Github_ultra---o39230.json::test_00000,valid,failed,False,True,over_constraint,28.4986,0.002285,0.002197,3.9e-05,213,19
Github_ultra---o39230.json,Github_ultra---o39230.json::test_00001,invalid,passed,False,True,correct_reject,28.4986,0.002134,0.002053,3.5e-05,230,19
Github_ultra---o39230.json,Github_ultra---o39230.json::test_00002,invalid,passed,False,True,correct_reject,28.4986,0.001973,0.001905,3e-05,219,19
Github_ultra---o39230.json,Github_ultra---o39230.json::test_00003,invalid,passed,False,True,correct_reject,28.4986,0.001983,0.001913,2.9e-05,213,19
Github_ultra---o39230.json,Github_ultra---o39230.json::test_00004,invalid,passed,False,True,correct_reject,28.4986,0.004363,0.004222,7.6e-05,214,19
Github_ultra---o39532.json,Github_ultra---o39532.json::test_00000,valid,compile_error,,True,over_constraint,0.005016,,,,,
Github_ultra---o39532.json,Github_ultra---o39532.json::test_00001,valid,compile_error,,True,over_constraint,0.005016,,,,,
Github_ultra---o39532.json,Github_ultra---o39532.json::test_00002,invalid,compile_error,,True,correct_reject,0.005016,,,,,
Github_ultra---o39532.json,Github_ultra---o39532.json::test_00003,invalid,compile_error,,True,correct_reject,0.005016,,,,,
Github_ultra---o39532.json,Github_ultra---o39532.json::test_00004,invalid,compile_error,,True,correct_reject,0.005016,,,,,
Github_ultra---o40388.json,Github_ultra---o40388.json::test_00000,valid,failed,False,True,over_constraint,17.5507,0.02609,0.024346,0.000432,1097,681
Github_ultra---o40388.json,Github_ultra---o40388.json::test_00001,invalid,passed,False,True,correct_reject,17.5507,6.6e-05,3.9e-05,1.5e-05,1100,2
Github_ultra---o41081.json,Github_ultra---o41081.json::test_00000,valid,failed,False,True,over_constraint,29.968,0.002222,0.002136,3.6e-05,400,19
Github_ultra---o41081.json,Github_ultra---o41081.json::test_00001,invalid,passed,False,True,correct_reject,29.968,0.002156,0.002077,3.3e-05,397,19
Github_ultra---o41081.json,Github_ultra---o41081.json::test_00002,invalid,passed,False,True,correct_reject,29.968,0.002139,0.002066,3e-05,479,19
Github_ultra---o41081.json,Github_ultra---o41081.json::test_00003,invalid,passed,False,True,correct_reject,29.968,0.002195,0.00212,3.2e-05,407,19
Github_ultra---o41081.json,Github_ultra---o41081.json::test_00004,invalid,passed,False,True,correct_reject,29.968,0.002172,0.002095,3.4e-05,473,19
Github_ultra---o41081.json,Github_ultra---o41081.json::test_00005,invalid,passed,False,True,correct_reject,29.968,0.002181,0.002103,3.4e-05,401,19
Github_ultra---o41389.json,Github_ultra---o41389.json::test_00000,valid,passed,True,True,correct_accept,9.34185,0.008617,0.007331,0.000128,564,564
Github_ultra---o41389.json,Github_ultra---o41389.json::test_00001,invalid,passed,False,True,correct_reject,9.34185,5.1e-05,3.7e-05,4e-06,562,2
Github_ultra---o42127.json,Github_ultra---o42127.json::test_00000,valid,failed,False,True,over_constraint,28.7704,0.003001,0.002895,4.8e-05,413,20
Github_ultra---o42127.json,Github_ultra---o42127.json::test_00001,valid,failed,False,True,over_constraint,28.7704,0.002856,0.002755,4.6e-05,328,19
Github_ultra---o42127.json,Github_ultra---o42127.json::test_00002,invalid,passed,False,True,correct_reject,28.7704,0.002331,0.002238,4.1e-05,401,19
Github_ultra---o42127.json,Github_ultra---o42127.json::test_00003,invalid,passed,False,True,correct_reject,28.7704,0.00261,0.002509,4.4e-05,340,19
Github_ultra---o42127.json,Github_ultra---o42127.json::test_00004,invalid,passed,False,True,correct_reject,28.7704,0.001904,0.001837,2.9e-05,303,19
Github_ultra---o42127.json,Github_ultra---o42127.json::test_00005,invalid,passed,False,True,correct_reject,28.7704,0.002666,0.002567,4.4e-05,446,19
Github_ultra---o44225.json,Github_ultra---o44225.json::test_00000,valid,passed,True,True,correct_accept,60.5888,0.073254,0.071329,0.000549,739,739
Github_ultra---o44225.json,Github_ultra---o44225.json::test_00001,valid,passed,True,True,correct_accept,60.5888,0.153044,0.148103,0.00137,2048,2048
Github_ultra---o44225.json,Github_ultra---o44225.json::test_00002,invalid,passed,False,True,correct_reject,60.5888,0.006721,0.006584,5.1e-05,2013,44
Github_ultra---o44225.json,Github_ultra---o44225.json::test_00003,invalid,passed,False,True,correct_reject,60.5888,0.000247,0.000192,2.8e-05,99,12
Github_ultra---o44225.json,Github_ultra---o44225.json::test_00004,invalid,passed,False,True,correct_reject,60.5888,0.003248,0.003166,3.6e-05,1299,20
Github_ultra---o46322.json,Github_ultra---o46322.json::test_00000,valid,passed,True,True,correct_accept,78.618,0.120348,0.101798,0.013597,2875,2875
Github_ultra---o46322.json,Github_ultra---o46322.json::test_00001,valid,passed,True,True,correct_accept,78.618,0.169743,0.144803,0.01887,2860,2860
Github_ultra---o46322.json,Github_ultra---o46322.json::test_00002,invalid,failed,True,True,under_constraint,78.618,0.118421,0.100704,0.012825,2831,2831
Github_ultra---o46322.json,Github_ultra---o46322.json::test_00003,invalid,passed,False,True,correct_reject,78.618,0.003131,0.002669,0.000361,105,50
Github_ultra---o46322.json,Github_ultra---o46322.json::test_00004,invalid,passed,False,True,correct_reject,78.618,0.009579,0.008212,0.001161,937,104
Github_ultra---o46322.json,Github_ultra---o46322.json::test_00005,invalid,passed,False,True,correct_reject,78.618,0.027335,0.023326,0.003364,360,344
Github_ultra---o46393.json,Github_ultra---o46393.json::test_00000,valid,passed,True,True,correct_accept,63.3482,0.024079,0.019813,0.001207,1579,1579
Github_ultra---o46393.json,Github_ultra---o46393.json::test_00001,valid,passed,True,True,correct_accept,63.3482,0.022855,0.018884,0.00101,1579,1579
Github_ultra---o46393.json,Github_ultra---o46393.json::test_00002,invalid,passed,False,True,correct_reject,63.3482,0.000741,0.000563,7.2e-05,1578,54
Github_ultra---o46393.json,Github_ultra---o46393.json::test_00003,invalid,failed,True,True,under_constraint,63.3482,0.022846,0.018936,0.001017,1579,1579
Github_ultra---o46393.json,Github_ultra---o46393.json::test_00004,invalid,passed,False,True,correct_reject,63.3482,0.000752,0.00057,7.7e-05,1775,56
Github_ultra---o4826.json,Github_ultra---o4826.json::test_00000,valid,timeout,,False,no_decision,35.3582,484.907,483.636,1.20232,1193,1028
Github_ultra---o4826.json,Github_ultra---o4826.json::test_00001,invalid,timeout,,False,no_decision,35.3582,,,,,
Github_ultra---o4826.json,Github_ultra---o4826.json::test_00002,invalid,timeout,,False,no_decision,35.3582,,,,,
Github_ultra---o4826.json,Github_ultra---o4826.json::test_00003,invalid,timeout,,False,no_decision,35.3582,,,,,
Github_ultra---o48403.json,Github_ultra---o48403.json::test_00000,valid,passed,True,True,correct_accept,69.1907,0.003242,0.002873,0.000148,113,113
Github_ultra---o48403.json,Github_ultra---o48403.json::test_00001,invalid,passed,False,True,correct_reject,69.1907,0.000469,0.000393,2.8e-05,117,22
Github_ultra---o48403.json,Github_ultra---o48403.json::test_00002,invalid,passed,False,True,correct_reject,69.1907,0.003126,0.00276,0.000146,123,112
Github_ultra---o48781.json,Github_ultra---o48781.json::test_00000,valid,failed,False,True,over_constraint,43.3517,0.011682,0.01134,0.000127,194,99
Github_ultra---o48781.json,Github_ultra---o48781.json::test_00001,invalid,passed,False,True,correct_reject,43.3517,0.006018,0.005851,6.7e-05,211,42
Github_ultra---o48781.json,Github_ultra---o48781.json::test_00002,invalid,passed,False,True,correct_reject,43.3517,0.009845,0.009536,0.000122,287,88
Github_ultra---o48781.json,Github_ultra---o48781.json::test_00003,invalid,passed,False,True,correct_reject,43.3517,0.011166,0.010913,9.4e-05,200,77
Github_ultra---o53885.json,Github_ultra---o53885.json::test_00000,valid,passed,True,True,correct_accept,46.5439,0.184758,0.181304,0.00062,1601,1601
Github_ultra---o53885.json,Github_ultra---o53885.json::test_00001,valid,passed,True,True,correct_accept,46.5439,0.182786,0.179459,0.000577,1601,1601
Github_ultra---o53885.json,Github_ultra---o53885.json::test_00002,invalid,failed,True,True,under_constraint,46.5439,0.204388,0.200568,0.000835,1578,1578
Github_ultra---o53885.json,Github_ultra---o53885.json::test_00003,invalid,passed,False,True,correct_reject,46.5439,0.000766,0.000548,7.9e-05,1562,53
Github_ultra---o53885.json,Github_ultra---o53885.json::test_00004,invalid,passed,False,True,correct_reject,46.5439,0.000517,0.000388,2.8e-05,1597,53
Github_ultra---o56134.json,Github_ultra---o56134.json::test_00000,valid,failed,False,True,over_constraint,29.1362,0.000233,0.000155,2.8e-05,1542,21
Github_ultra---o56134.json,Github_ultra---o56134.json::test_00001,valid,failed,False,True,over_constraint,29.1362,0.000362,0.000234,5.5e-05,1488,21
Github_ultra---o56134.json,Github_ultra---o56134.json::test_00002,invalid,passed,False,True,correct_reject,29.1362,0.000363,0.000236,5.5e-05,1496,21
Github_ultra---o57878.json,Github_ultra---o57878.json::test_00000,valid,passed,True,True,correct_accept,35.0062,0.082376,0.078505,0.00126,1476,1476
Github_ultra---o57878.json,Github_ultra---o57878.json::test_00001,invalid,passed,False,True,correct_reject,35.0062,0.046905,0.045204,0.000759,1396,536
Github_ultra---o57878.json,Github_ultra---o57878.json::test_00002,invalid,passed,False,True,correct_reject,35.0062,0.048466,0.046705,0.000746,1139,569
Github_ultra---o58767.json,Github_ultra---o58767.json::test_00000,valid,failed,False,True,over_constraint,46.4566,0.035963,0.035112,0.000211,1632,295
Github_ultra---o58767.json,Github_ultra---o58767.json::test_00001,valid,passed,True,True,correct_accept,46.4566,0.186413,0.18279,0.000574,1620,1620
Github_ultra---o58767.json,Github_ultra---o58767.json::test_00002,invalid,failed,True,True,under_constraint,46.4566,0.182636,0.179039,0.00061,1597,1597
Github_ultra---o58767.json,Github_ultra---o58767.json::test_00003,invalid,passed,False,True,correct_reject,46.4566,0.000683,0.000498,6.1e-05,1615,53
Github_ultra---o58767.json,Github_ultra---o58767.json::test_00004,invalid,passed,False,True,correct_reject,46.4566,0.003541,0.003215,4.9e-05,1504,136
Github_ultra---o58926.json,Github_ultra---o58926.json::test_00000,valid,passed,True,True,correct_accept,9.15143,0.437595,0.423277,0.010169,2195,2195
Github_ultra---o58926.json,Github_ultra---o58926.json::test_00001,invalid,failed,True,True,under_constraint,9.15143,0.004205,0.003868,0.000142,111,111
Github_ultra---o58926.json,Github_ultra---o58926.json::test_00002,invalid,failed,True,True,under_constraint,9.15143,0.004053,0.003714,0.000141,107,107
Github_ultra---o58926.json,Github_ultra---o58926.json::test_00003,invalid,passed,False,True,correct_reject,9.15143,0.000135,9.3e-05,1.5e-05,131,9
Github_ultra---o60252.json,Github_ultra---o60252.json::test_00000,valid,failed,False,True,over_constraint,3.55436,0.000642,0.000552,3.3e-05,156,16
Github_ultra---o60252.json,Github_ultra---o60252.json::test_00001,invalid,passed,False,True,correct_reject,3.55436,0.000113,8.3e-05,9e-06,152,8
Github_ultra---o60790.json,Github_ultra---o60790.json::test_00000,valid,passed,True,True,correct_accept,18.2841,0.019108,0.016356,0.000342,1291,1291
Github_ultra---o60790.json,Github_ultra---o60790.json::test_00001,valid,passed,True,True,correct_accept,18.2841,0.018215,0.015562,0.000265,1288,1288
Github_ultra---o60790.json,Github_ultra---o60790.json::test_00002,invalid,failed,True,True,under_constraint,18.2841,0.004826,0.004001,0.000105,379,379
Github_ultra---o60790.json,Github_ultra---o60790.json::test_00003,invalid,passed,False,True,correct_reject,18.2841,0.002385,0.00207,6e-05,1285,135
Github_ultra---o61647.json,Github_ultra---o61647.json::test_00000,valid,failed,False,True,over_constraint,43.0449,0.000167,0.000115,2.4e-05,757,6
Github_ultra---o61647.json,Github_ultra---o61647.json::test_00001,invalid,passed,False,True,correct_reject,43.0449,0.006036,0.005152,0.000364,759,186
Github_ultra---o61647.json,Github_ultra---o61647.json::test_00002,invalid,passed,False,True,correct_reject,43.0449,0.004242,0.003639,0.000224,759,186
Github_ultra---o61647.json,Github_ultra---o61647.json::test_00003,invalid,passed,False,True,correct_reject,43.0449,0.004893,0.004131,0.000301,767,186
Github_ultra---o61647.json,Github_ultra---o61647.json::test_00004,invalid,passed,False,True,correct_reject,43.0449,0.005872,0.00501,0.000349,744,186
Github_ultra---o61647.json,Github_ultra---o61647.json::test_00005,valid,failed,False,True,over_constraint,43.0449,0.003114,0.002662,0.00012,760,186
Github_ultra---o61647.json,Github_ultra---o61647.json::test_00006,invalid,passed,False,True,correct_reject,43.0449,0.003273,0.002794,0.000128,739,186
Github_ultra---o61647.json,Github_ultra---o61647.json::test_00007,invalid,passed,False,True,correct_reject,43.0449,0.003169,0.002701,0.000118,768,186
Github_ultra---o62058.json,Github_ultra---o62058.json::test_00000,valid,failed,False,True,over_constraint,84.5714,0.003403,0.002144,0.00028,1640,477
Github_ultra---o62058.json,Github_ultra---o62058.json::test_00001,valid,failed,False,True,over_constraint,84.5714,0.002765,0.001715,0.000158,1644,477
Github_ultra---o62058.json,Github_ultra---o62058.json::test_00002,invalid,passed,False,True,correct_reject,84.5714,0.003022,0.001901,0.000196,1715,477
Github_ultra---o62058.json,Github_ultra---o62058.json::test_00003,invalid,passed,False,True,correct_reject,84.5714,4.7e-05,3.4e-05,4e-06,1651,2
Github_ultra---o62058.json,Github_ultra---o62058.json::test_00004,invalid,passed,False,True,correct_reject,84.5714,4.9e-05,3.5e-05,4e-06,2051,2
Github_ultra---o62058.json,Github_ultra---o62058.json::test_00005,invalid,passed,False,True,correct_reject,84.5714,4.7e-05,3.3e-05,4e-06,1685,2
Github_ultra---o62059.json,Github_ultra---o62059.json::test_00000,valid,failed,False,True,over_constraint,84.2848,0.006615,0.004805,0.000581,1738,504
Github_ultra---o62059.json,Github_ultra---o62059.json::test_00001,invalid,passed,False,True,correct_reject,84.2848,0.008104,0.005896,0.000804,1792,504
Github_ultra---o62059.json,Github_ultra---o62059.json::test_00002,invalid,passed,False,True,correct_reject,84.2848,0.003266,0.002293,0.000175,1734,504
Github_ultra---o62059.json,Github_ultra---o62059.json::test_00003,invalid,failed,True,True,under_constraint,84.2848,9.96567,9.96118,0.001477,1524,1524
Github_ultra---o62059.json,Github_ultra---o62059.json::test_00004,invalid,passed,False,True,correct_reject,84.2848,0.00199,0.0015,7.5e-05,2061,230
Github_ultra---o6343.json,Github_ultra---o6343.json::test_00000,valid,passed,True,True,correct_accept,32.0965,0.007419,0.007005,0.000136,130,130
Github_ultra---o6343.json,Github_ultra---o6343.json::test_00001,valid,passed,True,True,correct_accept,32.0965,0.141928,0.139793,0.001516,291,291
Github_ultra---o6343.json,Github_ultra---o6343.json::test_00002,invalid,passed,False,True,correct_reject,32.0965,0.001441,0.001297,5.3e-05,303,30
Github_ultra---o6343.json,Github_ultra---o6343.json::test_00003,invalid,passed,False,True,correct_reject,32.0965,0.001382,0.001243,5e-05,322,30
Github_ultra---o6343.json,Github_ultra---o6343.json::test_00004,invalid,passed,False,True,correct_reject,32.0965,0.001347,0.00121,5e-05,278,30
Github_ultra---o6350.json,Github_ultra---o6350.json::test_00000,valid,passed,True,True,correct_accept,24.135,5.15792,5.11712,0.040031,268,268
Github_ultra---o6350.json,Github_ultra---o6350.json::test_00001,valid,passed,True,True,correct_accept,24.135,0.08197,0.080606,0.00095,212,212
Github_ultra---o6350.json,Github_ultra---o6350.json::test_00002,invalid,passed,False,True,correct_reject,24.135,0.001131,0.001036,3.4e-05,77,21
Github_ultra---o6350.json,Github_ultra---o6350.json::test_00003,invalid,passed,False,True,correct_reject,24.135,0.00069,0.000626,1.9e-05,219,21
Github_ultra---o6350.json,Github_ultra---o6350.json::test_00004,invalid,passed,False,True,correct_reject,24.135,0.001202,0.001093,4.1e-05,201,21
Github_ultra---o6351.json,Github_ultra---o6351.json::test_00000,valid,passed,True,True,correct_accept,26.1233,0.00471,0.004472,6.7e-05,90,90
Github_ultra---o6351.json,Github_ultra---o6351.json::test_00001,invalid,passed,False,True,correct_reject,26.1233,0.004274,0.004098,5.8e-05,98,60
Github_ultra---o6351.json,Github_ultra---o6351.json::test_00002,invalid,passed,False,True,correct_reject,26.1233,0.006095,0.005762,0.00012,100,89
Github_ultra---o6351.json,Github_ultra---o6351.json::test_00003,invalid,passed,False,True,correct_reject,26.1233,0.006008,0.005733,0.000108,284,63
Github_ultra---o6351.json,Github_ultra---o6351.json::test_00004,invalid,passed,False,True,correct_reject,26.1233,0.006104,0.00578,0.000146,96,60
Github_ultra---o6351.json,Github_ultra---o6351.json::test_00005,valid,passed,True,True,correct_accept,26.1233,4.98381,4.95044,0.032656,227,227
Github_ultra---o6351.json,Github_ultra---o6351.json::test_00006,invalid,passed,False,True,correct_reject,26.1233,0.000637,0.000578,1.7e-05,280,21
Github_ultra---o6351.json,Github_ultra---o6351.json::test_00007,invalid,passed,False,True,correct_reject,26.1233,0.00116,0.001062,3.6e-05,291,21
Github_ultra---o6351.json,Github_ultra---o6351.json::test_00008,invalid,passed,False,True,correct_reject,26.1233,0.000671,0.000612,1.8e-05,217,21
Github_ultra---o6352.json,Github_ultra---o6352.json::test_00000,valid,passed,True,True,correct_accept,25.8925,0.005595,0.005323,8.3e-05,96,96
Github_ultra---o6352.json,Github_ultra---o6352.json::test_00001,valid,passed,True,True,correct_accept,25.8925,5.5942,5.53477,0.05837,351,351
Github_ultra---o6352.json,Github_ultra---o6352.json::test_00002,invalid,passed,False,True,correct_reject,25.8925,0.000647,0.00058,1.8e-05,374,21
Github_ultra---o6352.json,Github_ultra---o6352.json::test_00003,invalid,passed,False,True,correct_reject,25.8925,0.000636,0.000577,1.7e-05,364,21
Github_ultra---o6352.json,Github_ultra---o6352.json::test_00004,invalid,passed,False,True,correct_reject,25.8925,0.000702,0.00063,2.3e-05,307,21
Github_ultra---o6353.json,Github_ultra---o6353.json::test_00000,valid,passed,True,True,correct_accept,28.5065,0.001972,0.001764,5.9e-05,78,78
Github_ultra---o6353.json,Github_ultra---o6353.json::test_00001,invalid,passed,False,True,correct_reject,28.5065,0.001169,0.001033,4e-05,117,48
Github_ultra---o6353.json,Github_ultra---o6353.json::test_00002,invalid,passed,False,True,correct_reject,28.5065,0.001134,0.001008,3.5e-05,86,48
Github_ultra---o6353.json,Github_ultra---o6353.json::test_00003,invalid,passed,False,True,correct_reject,28.5065,0.000919,0.000814,2.8e-05,78,36
Github_ultra---o6354.json,Github_ultra---o6354.json::test_00000,valid,passed,True,True,correct_accept,28.4892,0.005677,0.005379,9.2e-05,98,98
Github_ultra---o6354.json,Github_ultra---o6354.json::test_00001,valid,passed,True,True,correct_accept,28.4892,4.10922,4.06726,0.04091,390,390
Github_ultra---o6354.json,Github_ultra---o6354.json::test_00002,invalid,passed,False,True,correct_reject,28.4892,0.000782,0.000702,2e-05,297,30
Github_ultra---o6354.json,Github_ultra---o6354.json::test_00003,invalid,passed,False,True,correct_reject,28.4892,0.000824,0.000745,2e-05,404,30
Github_ultra---o6354.json,Github_ultra---o6354.json::test_00004,invalid,passed,False,True,correct_reject,28.4892,0.000801,0.00072,2.2e-05,523,30
Github_ultra---o6356.json,Github_ultra---o6356.json::test_00000,valid,passed,True,True,correct_accept,30.328,0.005084,0.004813,7.7e-05,98,98
Github_ultra---o6356.json,Github_ultra---o6356.json::test_00001,invalid,passed,False,True,correct_reject,30.328,0.004872,0.004633,8.5e-05,134,71
Github_ultra---o6356.json,Github_ultra---o6356.json::test_00002,invalid,passed,False,True,correct_reject,30.328,0.000719,0.000648,2e-05,98,27
Github_ultra---o6357.json,Github_ultra---o6357.json::test_00000,valid,passed,True,True,correct_accept,30.8407,3.58466,3.5552,0.028658,288,288
Github_ultra---o6357.json,Github_ultra---o6357.json::test_00001,invalid,passed,False,True,correct_reject,30.8407,0.000799,0.000717,2.3e-05,312,30
Github_ultra---o6357.json,Github_ultra---o6357.json::test_00002,invalid,passed,False,True,correct_reject,30.8407,0.000841,0.000761,2.4e-05,348,28
Github_ultra---o6357.json,Github_ultra---o6357.json::test_00003,invalid,passed,False,True,correct_reject,30.8407,0.000851,0.000763,2.6e-05,299,30
Github_ultra---o6361.json,Github_ultra---o6361.json::test_00000,valid,passed,True,True,correct_accept,20.6244,1.7405,1.72264,0.017155,229,229
Github_ultra---o6361.json,Github_ultra---o6361.json::test_00001,invalid,passed,False,True,correct_reject,20.6244,0.000756,0.000697,1.7e-05,253,21
Github_ultra---o6361.json,Github_ultra---o6361.json::test_00002,invalid,passed,False,True,correct_reject,20.6244,0.000801,0.000726,1.9e-05,237,21
Github_ultra---o6361.json,Github_ultra---o6361.json::test_00003,invalid,passed,False,True,correct_reject,20.6244,0.000762,0.0007,1.9e-05,244,21
Github_ultra---o6362.json,Github_ultra---o6362.json::test_00000,valid,passed,True,True,correct_accept,21.333,0.176833,0.174174,0.002002,311,311
Github_ultra---o6362.json,Github_ultra---o6362.json::test_00001,valid,passed,True,True,correct_accept,21.333,1.76087,1.74275,0.017423,229,229
Github_ultra---o6362.json,Github_ultra---o6362.json::test_00002,invalid,passed,False,True,correct_reject,21.333,0.000752,0.000694,1.7e-05,273,21
Github_ultra---o6362.json,Github_ultra---o6362.json::test_00003,invalid,passed,False,True,correct_reject,21.333,0.000778,0.000719,1.8e-05,254,21
Github_ultra---o6362.json,Github_ultra---o6362.json::test_00004,invalid,passed,False,True,correct_reject,21.333,0.000773,0.000714,1.8e-05,233,21
Github_ultra---o6363.json,Github_ultra---o6363.json::test_00000,valid,passed,True,True,correct_accept,22.8072,0.005389,0.005123,7.6e-05,93,93
Github_ultra---o6363.json,Github_ultra---o6363.json::test_00001,invalid,passed,False,True,correct_reject,22.8072,0.004613,0.004426,5.3e-05,101,63
Github_ultra---o6363.json,Github_ultra---o6363.json::test_00002,invalid,passed,False,True,correct_reject,22.8072,0.005169,0.00491,9.5e-05,214,66
Github_ultra---o6363.json,Github_ultra---o6363.json::test_00003,valid,passed,True,True,correct_accept,22.8072,4.08596,4.05248,0.032601,276,276
Github_ultra---o6363.json,Github_ultra---o6363.json::test_00004,invalid,passed,False,True,correct_reject,22.8072,0.000861,0.000801,1.7e-05,284,21
Github_ultra---o6363.json,Github_ultra---o6363.json::test_00005,invalid,passed,False,True,correct_reject,22.8072,0.001307,0.001222,2.9e-05,267,21
Github_ultra---o6364.json,Github_ultra---o6364.json::test_00000,valid,passed,True,True,correct_accept,24.3189,0.009043,0.008633,0.00012,135,135
Github_ultra---o6364.json,Github_ultra---o6364.json::test_00001,invalid,passed,False,True,correct_reject,24.3189,0.004416,0.004228,5.7e-05,143,63
Github_ultra---o6364.json,Github_ultra---o6364.json::test_00002,invalid,passed,False,True,correct_reject,24.3189,0.00996,0.009477,0.000145,168,159
Github_ultra---o6364.json,Github_ultra---o6364.json::test_00003,invalid,passed,False,True,correct_reject,24.3189,0.004593,0.004396,5.7e-05,184,66
Github_ultra---o6364.json,Github_ultra---o6364.json::test_00004,valid,passed,True,True,correct_accept,24.3189,0.006345,0.005896,0.000248,87,87
Github_ultra---o6364.json,Github_ultra---o6364.json::test_00005,invalid,passed,False,True,correct_reject,24.3189,0.000972,0.000891,2.6e-05,100,21
Github_ultra---o6364.json,Github_ultra---o6364.json::test_00006,invalid,passed,False,True,correct_reject,24.3189,0.001122,0.001026,3.5e-05,95,21
Github_ultra---o6364.json,Github_ultra---o6364.json::test_00007,invalid,passed,False,True,correct_reject,24.3189,0.00113,0.001032,3.6e-05,105,21
Github_ultra---o6365.json,Github_ultra---o6365.json::test_00000,valid,passed,True,True,correct_accept,21.9509,0.004828,0.004579,7e-05,92,92
Github_ultra---o6365.json,Github_ultra---o6365.json::test_00001,invalid,passed,False,True,correct_reject,21.9509,0.004036,0.003863,4.7e-05,100,62
Github_ultra---o6365.json,Github_ultra---o6365.json::test_00002,invalid,passed,False,True,correct_reject,21.9509,0.004768,0.004533,6.4e-05,403,92
Github_ultra---o6365.json,Github_ultra---o6365.json::test_00003,invalid,passed,False,True,correct_reject,21.9509,0.004077,0.003894,5.1e-05,77,69
Github_ultra---o6365.json,Github_ultra---o6365.json::test_00004,invalid,passed,False,True,correct_reject,21.9509,0.004089,0.00391,4.8e-05,181,65
Github_ultra---o6365.json,Github_ultra---o6365.json::test_00005,valid,passed,True,True,correct_accept,21.9509,4.10363,4.06622,0.03653,312,312
Github_ultra---o6365.json,Github_ultra---o6365.json::test_00006,invalid,passed,False,True,correct_reject,21.9509,0.001444,0.001319,5.1e-05,339,21
Github_ultra---o6365.json,Github_ultra---o6365.json::test_00007,invalid,passed,False,True,correct_reject,21.9509,0.001393,0.001277,5e-05,324,21
Github_ultra---o6367.json,Github_ultra---o6367.json::test_00000,valid,passed,True,True,correct_accept,30.7179,0.00716,0.006739,0.000157,105,105
Github_ultra---o6367.json,Github_ultra---o6367.json::test_00001,valid,passed,True,True,correct_accept,30.7179,0.128714,0.126535,0.001533,338,338
Github_ultra---o6367.json,Github_ultra---o6367.json::test_00002,invalid,passed,False,True,correct_reject,30.7179,0.000797,0.000717,2.3e-05,355,30
Github_ultra---o6367.json,Github_ultra---o6367.json::test_00003,invalid,passed,False,True,correct_reject,30.7179,0.000858,0.000781,2.1e-05,376,28
Github_ultra---o6367.json,Github_ultra---o6367.json::test_00004,invalid,passed,False,True,correct_reject,30.7179,0.00125,0.001123,4.6e-05,275,27
Github_ultra---o6369.json,Github_ultra---o6369.json::test_00000,valid,passed,True,True,correct_accept,32.3078,5.71493,5.66074,0.053171,354,354
Github_ultra---o6369.json,Github_ultra---o6369.json::test_00001,valid,passed,True,True,correct_accept,32.3078,5.70377,5.65111,0.05168,342,342
Github_ultra---o6369.json,Github_ultra---o6369.json::test_00002,invalid,passed,False,True,correct_reject,32.3078,0.001307,0.00118,4.6e-05,347,30
Github_ultra---o6369.json,Github_ultra---o6369.json::test_00003,invalid,passed,False,True,correct_reject,32.3078,0.00083,0.000745,2.5e-05,329,30
Github_ultra---o6371.json,Github_ultra---o6371.json::test_00000,valid,passed,True,True,correct_accept,32.3683,0.005685,0.005403,8.3e-05,105,105
Github_ultra---o6371.json,Github_ultra---o6371.json::test_00001,valid,passed,True,True,correct_accept,32.3683,0.139534,0.1372,0.001604,363,363
Github_ultra---o6371.json,Github_ultra---o6371.json::test_00002,invalid,passed,False,True,correct_reject,32.3683,0.000849,0.000767,2.4e-05,374,30
Github_ultra---o6371.json,Github_ultra---o6371.json::test_00003,invalid,passed,False,True,correct_reject,32.3683,0.000851,0.000768,2.4e-05,375,30
Github_ultra---o6371.json,Github_ultra---o6371.json::test_00004,invalid,passed,False,True,correct_reject,32.3683,0.001895,0.001722,7.2e-05,373,30
Github_ultra---o6373.json,Github_ultra---o6373.json::test_00000,valid,passed,True,True,correct_accept,33.2768,0.005339,0.005063,8.2e-05,98,98
Github_ultra---o6373.json,Github_ultra---o6373.json::test_00001,valid,passed,True,True,correct_accept,33.2768,0.138051,0.136215,0.001283,267,267
Github_ultra---o6373.json,Github_ultra---o6373.json::test_00002,invalid,passed,False,True,correct_reject,33.2768,0.00088,0.000797,2.5e-05,277,30
Github_ultra---o6373.json,Github_ultra---o6373.json::test_00003,invalid,passed,False,True,correct_reject,33.2768,0.000871,0.000788,2.4e-05,274,30
Github_ultra---o6373.json,Github_ultra---o6373.json::test_00004,invalid,passed,False,True,correct_reject,33.2768,0.000772,0.000699,2.1e-05,286,27
Github_ultra---o6374.json,Github_ultra---o6374.json::test_00000,valid,passed,True,True,correct_accept,34.153,0.005331,0.005049,8.3e-05,98,98
Github_ultra---o6374.json,Github_ultra---o6374.json::test_00001,valid,passed,True,True,correct_accept,34.153,0.07348,0.072183,0.000878,217,217
Github_ultra---o6374.json,Github_ultra---o6374.json::test_00002,invalid,passed,False,True,correct_reject,34.153,0.001485,0.001341,5.6e-05,238,30
Github_ultra---o6374.json,Github_ultra---o6374.json::test_00003,invalid,passed,False,True,correct_reject,34.153,0.001039,0.000945,2.9e-05,305,27
Github_ultra---o6375.json,Github_ultra---o6375.json::test_00000,valid,passed,True,True,correct_accept,34.6183,6.04624,5.98957,0.055707,330,330
Github_ultra---o6375.json,Github_ultra---o6375.json::test_00001,valid,passed,True,True,correct_accept,34.6183,2.66137,2.64333,0.01747,235,235
Github_ultra---o6375.json,Github_ultra---o6375.json::test_00002,invalid,passed,False,True,correct_reject,34.6183,0.001413,0.001286,4.5e-05,315,28
Github_ultra---o6375.json,Github_ultra---o6375.json::test_00003,invalid,passed,False,True,correct_reject,34.6183,0.001253,0.001135,4.3e-05,249,27
Github_ultra---o65323.json,Github_ultra---o65323.json::test_00000,valid,failed,False,True,over_constraint,22.4271,0.002785,0.002523,6.9e-05,702,109
Github_ultra---o65323.json,Github_ultra---o65323.json::test_00001,valid,failed,False,True,over_constraint,22.4271,0.045208,0.04331,0.000744,663,419
Github_ultra---o65323.json,Github_ultra---o65323.json::test_00002,invalid,passed,False,True,correct_reject,22.4271,5.2e-05,3.6e-05,7e-06,675,2
Github_ultra---o65323.json,Github_ultra---o65323.json::test_00003,invalid,passed,False,True,correct_reject,22.4271,5.7e-05,4e-05,7e-06,662,2
Github_ultra---o65323.json,Github_ultra---o65323.json::test_00004,invalid,passed,False,True,correct_reject,22.4271,5.8e-05,4.1e-05,7e-06,645,2
Github_ultra---o65323.json,Github_ultra---o65323.json::test_00005,invalid,passed,False,True,correct_reject,22.4271,6.2e-05,4.4e-05,7e-06,425,2
Github_ultra---o65421.json,Github_ultra---o65421.json::test_00000,valid,passed,True,True,correct_accept,23.4652,0.308977,0.305333,0.002775,413,413
Github_ultra---o65421.json,Github_ultra---o65421.json::test_00001,valid,passed,True,True,correct_accept,23.4652,0.080849,0.079389,0.000755,390,390
Github_ultra---o65421.json,Github_ultra---o65421.json::test_00002,invalid,failed,True,True,under_constraint,23.4652,0.08168,0.080174,0.000797,386,386
Github_ultra---o65421.json,Github_ultra---o65421.json::test_00003,invalid,failed,True,True,under_constraint,23.4652,0.09016,0.088479,0.000904,387,387
Github_ultra---o65421.json,Github_ultra---o65421.json::test_00004,invalid,passed,False,True,correct_reject,23.4652,0.077522,0.076218,0.000663,387,351
Github_ultra---o65421.json,Github_ultra---o65421.json::test_00005,invalid,failed,True,True,under_constraint,23.4652,0.085712,0.084175,0.00082,353,353
Github_ultra---o65421.json,Github_ultra---o65421.json::test_00006,invalid,failed,True,True,under_constraint,23.4652,0.079056,0.077678,0.000725,356,356
Github_ultra---o65421.json,Github_ultra---o65421.json::test_00007,invalid,passed,False,True,correct_reject,23.4652,0.067723,0.066772,0.000487,386,248
Github_ultra---o65424.json,Github_ultra---o65424.json::test_00000,valid,timeout,,False,no_decision,25.0589,560.655,517.476,42.6106,1976,940
Github_ultra---o65424.json,Github_ultra---o65424.json::test_00001,invalid,timeout,,False,no_decision,25.0589,,,,,
Github_ultra---o65424.json,Github_ultra---o65424.json::test_00002,invalid,timeout,,False,no_decision,25.0589,,,,,
Github_ultra---o65424.json,Github_ultra---o65424.json::test_00003,invalid,timeout,,False,no_decision,25.0589,,,,,
Github_ultra---o65424.json,Github_ultra---o65424.json::test_00004,invalid,timeout,,False,no_decision,25.0589,,,,,
Github_ultra---o65424.json,Github_ultra---o65424.json::test_00005,invalid,timeout,,False,no_decision,25.0589,,,,,
Github_ultra---o65431.json,Github_ultra---o65431.json::test_00000,valid,passed,True,True,correct_accept,0.68718,0.018123,0.017362,0.000361,206,206
Github_ultra---o65431.json,Github_ultra---o65431.json::test_00001,invalid,failed,True,True,under_constraint,0.68718,0.017089,0.016356,0.000354,203,203
Github_ultra---o65431.json,Github_ultra---o65431.json::test_00002,invalid,failed,True,True,under_constraint,0.68718,0.05808,0.055291,0.001345,804,804
Github_ultra---o65431.json,Github_ultra---o65431.json::test_00003,invalid,failed,True,True,under_constraint,0.68718,0.016951,0.016228,0.00034,218,218
Github_ultra---o65431.json,Github_ultra---o65431.json::test_00004,invalid,failed,True,True,under_constraint,0.68718,0.018622,0.017829,0.000369,214,214
Github_ultra---o65671.json,Github_ultra---o65671.json::test_00000,valid,passed,True,True,correct_accept,37.0639,0.067692,0.064177,0.001689,988,988
Github_ultra---o65671.json,Github_ultra---o65671.json::test_00001,invalid,passed,False,True,correct_reject,37.0639,0.064256,0.061006,0.001537,988,966
Github_ultra---o65671.json,Github_ultra---o65671.json::test_00002,invalid,passed,False,True,correct_reject,37.0639,0.064783,0.061442,0.001548,988,966
Github_ultra---o65671.json,Github_ultra---o65671.json::test_00003,invalid,failed,True,True,under_constraint,37.0639,0.06572,0.062274,0.001622,988,988
Github_ultra---o65671.json,Github_ultra---o65671.json::test_00004,invalid,failed,True,True,under_constraint,37.0639,0.078858,0.07414,0.002432,1268,1268
Github_ultra---o65671.json,Github_ultra---o65671.json::test_00005,invalid,failed,True,True,under_constraint,37.0639,0.063821,0.060543,0.00151,987,987
Github_ultra---o65671.json,Github_ultra---o65671.json::test_00006,invalid,failed,True,True,under_constraint,37.0639,0.084968,0.079933,0.002561,1397,1397
Github_ultra---o65671.json,Github_ultra---o65671.json::test_00007,invalid,passed,False,True,correct_reject,37.0639,0.004697,0.00432,0.000176,628,106
Github_ultra---o65673.json,Github_ultra---o65673.json::test_00000,valid,passed,True,True,correct_accept,39.4723,0.038695,0.036987,0.000941,422,422
Github_ultra---o65673.json,Github_ultra---o65673.json::test_00001,valid,passed,True,True,correct_accept,39.4723,0.085211,0.080526,0.002498,1239,1239
Github_ultra---o65673.json,Github_ultra---o65673.json::test_00002,invalid,passed,False,True,correct_reject,39.4723,0.075823,0.071753,0.002301,1238,989
Github_ultra---o65673.json,Github_ultra---o65673.json::test_00003,invalid,passed,False,True,correct_reject,39.4723,0.075501,0.069973,0.003578,1542,1086
Github_ultra---o65673.json,Github_ultra---o65673.json::test_00004,invalid,failed,True,True,under_constraint,39.4723,0.229835,0.217404,0.008742,2026,2026
Github_ultra---o65673.json,Github_ultra---o65673.json::test_00005,invalid,failed,True,True,under_constraint,39.4723,0.103282,0.096425,0.003952,1604,1604
Github_ultra---o65891.json,Github_ultra---o65891.json::test_00000,valid,passed,True,True,correct_accept,18.0819,0.013358,0.01074,0.000488,1190,1190
Github_ultra---o65891.json,Github_ultra---o65891.json::test_00001,valid,passed,True,True,correct_accept,18.0819,0.012952,0.010439,0.000418,1181,1181
Github_ultra---o65891.json,Github_ultra---o65891.json::test_00002,invalid,passed,False,True,correct_reject,18.0819,0.000498,0.000401,2.7e-05,1180,36
Github_ultra---o66714.json,Github_ultra---o66714.json::test_00000,valid,passed,True,True,correct_accept,53.7943,0.228423,0.224171,0.000932,1766,1766
Github_ultra---o66714.json,Github_ultra---o66714.json::test_00001,valid,passed,True,True,correct_accept,53.7943,0.217173,0.21315,0.000803,1784,1784
Github_ultra---o66714.json,Github_ultra---o66714.json::test_00002,invalid,failed,True,True,under_constraint,53.7943,0.218139,0.213873,0.000927,1761,1761
Github_ultra---o66714.json,Github_ultra---o66714.json::test_00003,invalid,passed,False,True,correct_reject,53.7943,0.0008,0.000581,8.1e-05,1782,53
Github_ultra---o66714.json,Github_ultra---o66714.json::test_00004,invalid,passed,False,True,correct_reject,53.7943,0.000788,0.00057,7.6e-05,1775,53
Github_ultra---o66715.json,Github_ultra---o66715.json::test_00000,valid,passed,True,True,correct_accept,52.6376,0.204232,0.200175,0.000697,1797,1797
Github_ultra---o66715.json,Github_ultra---o66715.json::test_00001,valid,passed,True,True,correct_accept,52.6376,0.204641,0.200562,0.000749,1793,1793
Github_ultra---o66715.json,Github_ultra---o66715.json::test_00002,invalid,failed,True,True,under_constraint,52.6376,0.199275,0.195402,0.000659,1770,1770
Github_ultra---o66715.json,Github_ultra---o66715.json::test_00003,invalid,passed,False,True,correct_reject,52.6376,0.00052,0.000388,2.4e-05,1779,53
Github_ultra---o66715.json,Github_ultra---o66715.json::test_00004,invalid,passed,False,True,correct_reject,52.6376,0.000122,7.4e-05,2e-05,1791,9
Github_ultra---o68411.json,Github_ultra---o68411.json::test_00000,valid,failed,False,True,over_constraint,19.6942,0.000282,0.000224,2e-05,1506,10
Github_ultra---o68411.json,Github_ultra---o68411.json::test_00001,valid,failed,False,True,over_constraint,19.6942,0.000264,0.000208,2.1e-05,1528,10
Github_ultra---o68411.json,Github_ultra---o68411.json::test_00002,invalid,passed,False,True,correct_reject,19.6942,0.000286,0.000231,2e-05,1536,10
Github_ultra---o68411.json,Github_ultra---o68411.json::test_00003,invalid,passed,False,True,correct_reject,19.6942,0.000252,0.000199,1.8e-05,38,10
Github_ultra---o68411.json,Github_ultra---o68411.json::test_00004,invalid,passed,False,True,correct_reject,19.6942,0.000202,0.000168,1.2e-05,379,10
Github_ultra---o68411.json,Github_ultra---o68411.json::test_00005,invalid,passed,False,True,correct_reject,19.6942,0.000207,0.000172,1.1e-05,1577,10
Github_ultra---o68411.json,Github_ultra---o68411.json::test_00006,invalid,passed,False,True,correct_reject,19.6942,0.000208,0.000173,1e-05,1562,10
Github_ultra---o68411.json,Github_ultra---o68411.json::test_00007,invalid,passed,False,True,correct_reject,19.6942,0.006445,0.006249,5.4e-05,78,75
Github_ultra---o68411.json,Github_ultra---o68411.json::test_00008,invalid,passed,False,True,correct_reject,19.6942,0.000212,0.000178,1.2e-05,86,10
Github_ultra---o68411.json,Github_ultra---o68411.json::test_00009,invalid,passed,False,True,correct_reject,19.6942,0.000233,0.000194,1.2e-05,270,10
Github_ultra---o68411.json,Github_ultra---o68411.json::test_00010,invalid,passed,False,True,correct_reject,19.6942,0.000219,0.00018,1.3e-05,1552,10
Github_ultra---o68411.json,Github_ultra---o68411.json::test_00011,invalid,passed,False,True,correct_reject,19.6942,0.0002,0.000165,1e-05,1444,10
Github_ultra---o68588.json,Github_ultra---o68588.json::test_00000,valid,failed,False,True,over_constraint,24.2719,9.6e-05,6.7e-05,1.5e-05,1733,2
Github_ultra---o68588.json,Github_ultra---o68588.json::test_00001,valid,failed,False,True,over_constraint,24.2719,8.2e-05,5.7e-05,1.3e-05,1758,2
Github_ultra---o69209.json,Github_ultra---o69209.json::test_00000,valid,failed,False,True,over_constraint,46.068,0.000477,0.000406,2.8e-05,647,12
Github_ultra---o69209.json,Github_ultra---o69209.json::test_00001,invalid,passed,False,True,correct_reject,46.068,0.000453,0.000389,2.5e-05,627,12
Github_ultra---o69209.json,Github_ultra---o69209.json::test_00002,invalid,passed,False,True,correct_reject,46.068,0.188514,0.187196,0.000826,638,217
Github_ultra---o69900.json,Github_ultra---o69900.json::test_00000,valid,failed,False,True,over_constraint,27.9237,0.001863,0.001788,3e-05,374,19
Github_ultra---o69900.json,Github_ultra---o69900.json::test_00001,valid,failed,False,True,over_constraint,27.9237,0.001917,0.001846,2.8e-05,247,19
Github_ultra---o69900.json,Github_ultra---o69900.json::test_00002,invalid,passed,False,True,correct_reject,27.9237,0.00185,0.001783,2.8e-05,248,19
Github_ultra---o69900.json,Github_ultra---o69900.json::test_00003,invalid,passed,False,True,correct_reject,27.9237,0.001866,0.001797,2.7e-05,259,19
Github_ultra---o69900.json,Github_ultra---o69900.json::test_00004,invalid,passed,False,True,correct_reject,27.9237,0.001971,0.00188,4.7e-05,263,19
Github_ultra---o69900.json,Github_ultra---o69900.json::test_00005,invalid,passed,False,True,correct_reject,27.9237,0.001872,0.0018,3e-05,250,19
Github_ultra---o69900.json,Github_ultra---o69900.json::test_00006,invalid,passed,False,True,correct_reject,27.9237,0.002718,0.002616,4.6e-05,253,19
Github_ultra---o69900.json,Github_ultra---o69900.json::test_00007,invalid,passed,False,True,correct_reject,27.9237,0.00207,0.001995,3e-05,258,19
Github_ultra---o69992.json,Github_ultra---o69992.json::test_00000,valid,passed,True,True,correct_accept,15.5852,0.110379,0.106593,0.001173,1291,1291
Github_ultra---o69992.json,Github_ultra---o69992.json::test_00001,valid,passed,True,True,correct_accept,15.5852,0.109914,0.106042,0.001183,1318,1318
Github_ultra---o69992.json,Github_ultra---o69992.json::test_00002,invalid,failed,True,True,under_constraint,15.5852,0.114867,0.110804,0.001192,1423,1423
Github_ultra---o69992.json,Github_ultra---o69992.json::test_00003,invalid,passed,False,True,correct_reject,15.5852,0.083435,0.080445,0.000876,1318,1080
Github_ultra---o71471.json,Github_ultra---o71471.json::test_00000,valid,passed,True,True,correct_accept,20.138,0.021995,0.019518,0.000342,1206,1206
Github_ultra---o71471.json,Github_ultra---o71471.json::test_00001,valid,passed,True,True,correct_accept,20.138,0.036551,0.032762,0.001067,1230,1230
Github_ultra---o71471.json,Github_ultra---o71471.json::test_00002,invalid,passed,False,True,correct_reject,20.138,0.013812,0.012292,0.000227,1225,722
Github_ultra---o7578.json,Github_ultra---o7578.json::test_00000,valid,failed,False,True,over_constraint,42.1158,0.024317,0.022162,0.000453,1686,933
Github_ultra---o7578.json,Github_ultra---o7578.json::test_00001,valid,failed,False,True,over_constraint,42.1158,0.023157,0.021061,0.000431,1672,917
Github_ultra---o7578.json,Github_ultra---o7578.json::test_00002,invalid,passed,False,True,correct_reject,42.1158,0.000704,0.000638,1.5e-05,1672,24
Github_ultra---o7578.json,Github_ultra---o7578.json::test_00003,invalid,passed,False,True,correct_reject,42.1158,0.000394,0.000345,1.4e-05,1665,17
Github_ultra---o7578.json,Github_ultra---o7578.json::test_00004,invalid,passed,False,True,correct_reject,42.1158,0.000627,0.000562,1.5e-05,1673,23
Github_ultra---o76156.json,Github_ultra---o76156.json::test_00000,valid,passed,True,True,correct_accept,19.0191,0.035117,0.033111,0.000668,694,694
Github_ultra---o76156.json,Github_ultra---o76156.json::test_00001,invalid,passed,False,True,correct_reject,19.0191,0.003668,0.00336,8.4e-05,702,121
Github_ultra---o76156.json,Github_ultra---o76156.json::test_00002,valid,passed,True,True,correct_accept,19.0191,0.027084,0.025415,0.000463,682,682
Github_ultra---o76156.json,Github_ultra---o76156.json::test_00003,invalid,passed,False,True,correct_reject,19.0191,0.000588,0.000523,1.8e-05,701,22
Github_ultra---o78057.json,Github_ultra---o78057.json::test_00000,valid,failed,False,True,over_constraint,28.896,0.001978,0.001901,3e-05,835,19
Github_ultra---o78057.json,Github_ultra---o78057.json::test_00001,valid,failed,False,True,over_constraint,28.896,0.00197,0.0019,2.8e-05,264,19
Github_ultra---o78057.json,Github_ultra---o78057.json::test_00002,invalid,passed,False,True,correct_reject,28.896,0.002009,0.001933,3.2e-05,267,19
Github_ultra---o78057.json,Github_ultra---o78057.json::test_00003,invalid,passed,False,True,correct_reject,28.896,0.001963,0.001896,2.8e-05,264,19
Github_ultra---o78057.json,Github_ultra---o78057.json::test_00004,invalid,passed,False,True,correct_reject,28.896,0.002004,0.00193,2.8e-05,579,19
Github_ultra---o78057.json,Github_ultra---o78057.json::test_00005,invalid,passed,False,True,correct_reject,28.896,0.001947,0.001879,2.6e-05,290,19
Github_ultra---o78463.json,Github_ultra---o78463.json::test_00000,valid,failed,False,True,over_constraint,24.6546,0.001432,0.001353,3.1e-05,339,20
Github_ultra---o78463.json,Github_ultra---o78463.json::test_00001,valid,failed,False,True,over_constraint,24.6546,0.002319,0.002221,4.2e-05,377,19
Github_ultra---o78463.json,Github_ultra---o78463.json::test_00002,invalid,passed,False,True,correct_reject,24.6546,0.001653,0.001588,2.6e-05,378,19
Github_ultra---o78463.json,Github_ultra---o78463.json::test_00003,invalid,passed,False,True,correct_reject,24.6546,0.001668,0.0016,2.8e-05,389,19
Github_ultra---o78463.json,Github_ultra---o78463.json::test_00004,invalid,passed,False,True,correct_reject,24.6546,0.002074,0.002001,2.9e-05,367,19
Github_ultra---o78463.json,Github_ultra---o78463.json::test_00005,invalid,passed,False,True,correct_reject,24.6546,0.001626,0.001556,3.2e-05,379,19
Github_ultra---o78463.json,Github_ultra---o78463.json::test_00006,invalid,passed,False,True,correct_reject,24.6546,0.001668,0.001598,2.9e-05,386,19
Github_ultra---o79009.json,Github_ultra---o79009.json::test_00000,valid,failed,False,True,over_constraint,22.9667,7e-05,5.1e-05,5e-06,563,2
Github_ultra---o79009.json,Github_ultra---o79009.json::test_00001,valid,failed,False,True,over_constraint,22.9667,5.4e-05,3.8e-05,5e-06,505,2
Github_ultra---o79009.json,Github_ultra---o79009.json::test_00002,invalid,passed,False,True,correct_reject,22.9667,5.5e-05,3.9e-05,5e-06,618,2
Github_ultra---o79009.json,Github_ultra---o79009.json::test_00003,invalid,passed,False,True,correct_reject,22.9667,4.8e-05,3.5e-05,3e-06,607,2
Github_ultra---o80208.json,Github_ultra---o80208.json::test_00000,valid,failed,False,True,over_constraint,14.893,0.109933,0.104367,0.001591,1976,1960
Github_ultra---o80235.json,Github_ultra---o80235.json::test_00000,valid,passed,True,True,correct_accept,26.4492,0.114577,0.10194,0.00274,5838,5838
Github_ultra---o80235.json,Github_ultra---o80235.json::test_00001,valid,failed,False,True,over_constraint,26.4492,0.11797,0.104915,0.003019,5856,5838
Github_ultra---o81125.json,Github_ultra---o81125.json::test_00000,valid,passed,True,True,correct_accept,79.8605,0.006458,0.00588,0.000251,114,114
Github_ultra---o81125.json,Github_ultra---o81125.json::test_00001,valid,passed,True,True,correct_accept,79.8605,0.005462,0.005041,0.00017,126,126
Github_ultra---o81125.json,Github_ultra---o81125.json::test_00002,invalid,passed,False,True,correct_reject,79.8605,0.000297,0.0002,5.4e-05,131,23
Github_ultra---o83390.json,Github_ultra---o83390.json::test_00000,valid,passed,True,True,correct_accept,50.8876,0.529862,0.515174,0.012805,887,887
Github_ultra---o83390.json,Github_ultra---o83390.json::test_00001,valid,passed,True,True,correct_accept,50.8876,0.510343,0.49579,0.012573,883,883
Github_ultra---o83390.json,Github_ultra---o83390.json::test_00002,invalid,passed,False,True,correct_reject,50.8876,0.009014,0.008094,0.000295,914,333
Github_ultra---o83390.json,Github_ultra---o83390.json::test_00003,invalid,passed,False,True,correct_reject,50.8876,0.002474,0.002166,8.8e-05,880,105
Github_ultra---o83854.json,Github_ultra---o83854.json::test_00000,valid,failed,False,True,over_constraint,28.8977,0.001928,0.001852,3.3e-05,366,19
Github_ultra---o83854.json,Github_ultra---o83854.json::test_00001,valid,failed,False,True,over_constraint,28.8977,0.001129,0.001067,2.4e-05,243,16
Github_ultra---o83854.json,Github_ultra---o83854.json::test_00002,invalid,passed,False,True,correct_reject,28.8977,0.000341,0.000298,1.5e-05,239,9
Github_ultra---o83854.json,Github_ultra---o83854.json::test_00003,invalid,passed,False,True,correct_reject,28.8977,0.001355,0.001281,3e-05,236,16
Github_ultra---o83854.json,Github_ultra---o83854.json::test_00004,invalid,passed,False,True,correct_reject,28.8977,0.001299,0.00122,2.7e-05,244,16
Github_ultra---o83854.json,Github_ultra---o83854.json::test_00005,invalid,passed,False,True,correct_reject,28.8977,0.001137,0.001078,2.4e-05,241,16
Github_ultra---o83932.json,Github_ultra---o83932.json::test_00000,valid,passed,True,True,correct_accept,67.3442,0.003328,0.002956,0.000145,125,125
Github_ultra---o83932.json,Github_ultra---o83932.json::test_00001,invalid,passed,False,True,correct_reject,67.3442,9.8e-05,6.4e-05,1.4e-05,125,5
Github_ultra---o84269.json,Github_ultra---o84269.json::test_00000,valid,passed,True,True,correct_accept,16.3846,0.020057,0.018553,0.000322,645,645
Github_ultra---o84269.json,Github_ultra---o84269.json::test_00001,invalid,failed,True,True,under_constraint,16.3846,0.011369,0.010377,0.00023,450,450
Github_ultra---o84269.json,Github_ultra---o84269.json::test_00002,invalid,passed,False,True,correct_reject,16.3846,0.0206,0.019094,0.000319,653,645
Github_ultra---o84269.json,Github_ultra---o84269.json::test_00003,invalid,passed,False,True,correct_reject,16.3846,0.006504,0.006169,0.000109,664,102
Github_ultra---o84269.json,Github_ultra---o84269.json::test_00004,valid,passed,True,True,correct_accept,16.3846,0.020819,0.019291,0.000316,662,662
Github_ultra---o84269.json,Github_ultra---o84269.json::test_00005,invalid,failed,True,True,under_constraint,16.3846,0.013217,0.011976,0.000247,560,560
Github_ultra---o84269.json,Github_ultra---o84269.json::test_00006,invalid,passed,False,True,correct_reject,16.3846,0.00713,0.006826,0.00012,671,63
Github_ultra---o90698.json,Github_ultra---o90698.json::test_00000,valid,passed,True,True,correct_accept,18.6657,0.011749,0.009795,0.000224,1040,1040
Github_ultra---o90698.json,Github_ultra---o90698.json::test_00001,valid,passed,True,True,correct_accept,18.6657,0.010603,0.00881,0.000162,1021,1021
Github_ultra---o9354.json,Github_ultra---o9354.json::test_00000,valid,failed,False,True,over_constraint,27.6766,8.4e-05,6.2e-05,1.1e-05,1580,2
Github_ultra---o9354.json,Github_ultra---o9354.json::test_00001,valid,failed,False,True,over_constraint,27.6766,6.5e-05,4.7e-05,1e-05,1407,2
Github_ultra---o9354.json,Github_ultra---o9354.json::test_00002,invalid,passed,False,True,correct_reject,27.6766,5.4e-05,3.9e-05,9e-06,1407,2
Github_ultra---o9981.json,Github_ultra---o9981.json::test_00000,valid,failed,False,True,over_constraint,15.5765,0.069236,0.064433,0.00131,2064,2049
Github_ultra---o9981.json,Github_ultra---o9981.json::test_00001,valid,failed,False,True,over_constraint,15.5765,0.06781,0.062462,0.001583,2145,2122
Github_ultra---o9981.json,Github_ultra---o9981.json::test_00002,invalid,passed,False,True,correct_reject,15.5765,6.3e-05,4.4e-05,7e-06,134,2
